nama_file,kelas,tanggal,kondisi_cahaya,lokasi,sesi,catatan
tangga_20261003_tangga_gedungA_redup_001.png,tangga,20261003,redup,tangga_gedungA,2,tangga dalam GU
tangga_20261003_tangga_gedungA_redup_002.png,tangga,20261003,redup,tangga_gedungA,2,tangga dalam GU
tangga_20261003_tangga_gedungA_redup_003.png,tangga,20261003,redup,tangga_gedungA,2,tangga dalam GU
tangga_20261003_tangga_gedungA_redup_004.png,tangga,20261003,redup,tangga_gedungA,2,tangga dalam GU
tangga_20261003_tangga_gedungA_redup_005.png,tangga,20261003,redup,tangga_gedungA,2,tangga dalam GU
tangga_20261003_tangga_gedungA_redup_006.png,tangga,20261003,redup,tangga_gedungA,2,tangga dalam GU
tangga_20261003_tangga_gedungA_redup_007.png,tangga,20261003,redup,tangga_gedungA,2,tangga dalam GU
tangga_20261003_tangga_gedungA_redup_008.png,tangga,20261003,redup,tangga_gedungA,2,tangga dalam GU
tangga_20261003_tangga_gedungA_redup_009.png,tangga,20261003,redup,tangga_gedungA,2,tangga dalam GU
tangga_20261003_tangga_gedungA_redup_010.png,tangga,20261003,redup,tangga_gedungA,2,tangga dalam GU
tangga_20261003_tangga_gedungA_redup_011.png,tangga,20261003,redup,tangga_gedungA,2,tangga dalam GU
tangga_20261003_tangga_gedungA_redup_012.png,tangga,20261003,redup,tangga_gedungA,2,tangga dalam GU
tangga_20261003_tangga_gedungA_redup_013.png,tangga,20261003,redup,tangga_gedungA,2,tangga dalam GU
tangga_20261003_tangga_gedungA_redup_014.png,tangga,20261003,redup,tangga_gedungA,2,tangga dalam GU
tangga_20261003_tangga_gedungA_redup_015.png,tangga,20261003,redup,tangga_gedungA,2,tangga dalam GU
tangga_20261003_tangga_gedungA_redup_016.png,tangga,20261003,redup,tangga_gedungA,2,tangga dalam GU
tangga_20261003_tangga_gedungA_redup_017.png,tangga,20261003,redup,tangga_gedungA,2,tangga dalam GU
tangga_20261003_tangga_gedungA_redup_018.png,tangga,20261003,redup,tangga_gedungA,2,tangga dalam GU
tangga_20261003_tangga_gedungA_redup_019.png,tangga,20261003,redup,tangga_gedungA,2,tangga dalam GU
tangga_20261003_tangga_gedungA_redup_020.png,tangga,20261003,redup,tangga_gedungA,2,tangga dalam GU
tangga_20261003_tangga_gedungA_redup_021.png,tangga,20261003,redup,tangga_gedungA,2,tangga dalam GU
tangga_20261003_tangga_gedungA_redup_022.png,tangga,20261003,redup,tangga_gedungA,2,tangga dalam GU
tangga_20261003_tangga_gedungA_redup_023.png,tangga,20261003,redup,tangga_gedungA,2,tangga dalam GU
tangga_20261003_tangga_gedungA_redup_024.png,tangga,20261003,redup,tangga_gedungA,2,tangga dalam GU
tangga_20261003_tangga_gedungA_redup_025.png,tangga,20261003,redup,tangga_gedungA,2,tangga dalam GU
tangga_20261003_tangga_gedungA_redup_026.png,tangga,20261003,redup,tangga_gedungA,2,tangga dalam GU
tangga_20261003_tangga_gedungA_redup_027.png,tangga,20261003,redup,tangga_gedungA,2,tangga dalam GU
tangga_20261003_tangga_gedungA_redup_028.png,tangga,20261003,redup,tangga_gedungA,2,tangga dalam GU
tangga_20261003_tangga_gedungA_redup_029.png,tangga,20261003,redup,tangga_gedungA,2,tangga dalam GU
tangga_20261003_tangga_gedungA_redup_030.png,tangga,20261003,redup,tangga_gedungA,2,tangga dalam GU
tangga_20261003_tangga_gedungA_redup_031.png,tangga,20261003,redup,tangga_gedungA,2,tangga dalam GU
tangga_20261003_tangga_gedungA_redup_032.png,tangga,20261003,redup,tangga_gedungA,2,tangga dalam GU
tangga_20261003_tangga_gedungA_redup_033.png,tangga,20261003,redup,tangga_gedungA,2,tangga dalam GU
tangga_20261003_tangga_gedungA_redup_034.png,tangga,20261003,redup,tangga_gedungA,2,tangga dalam GU
tangga_20261003_tangga_gedungA_redup_035.png,tangga,20261003,redup,tangga_gedungA,2,tangga dalam GU
tangga_20261003_tangga_gedungA_redup_036.png,tangga,20261003,redup,tangga_gedungA,2,tangga dalam GU
tangga_20261003_tangga_gedungA_redup_037.png,tangga,20261003,redup,tangga_gedungA,2,tangga dalam GU
tangga_20261003_tangga_gedungA_redup_038.png,tangga,20261003,redup,tangga_gedungA,2,tangga dalam GU
tangga_20261003_tangga_gedungA_redup_039.png,tangga,20261003,redup,tangga_gedungA,2,tangga dalam GU
tangga_20261003_tangga_gedungA_redup_040.png,tangga,20261003,redup,tangga_gedungA,2,tangga dalam GU
tangga_20261003_tangga_gedungA_redup_041.png,tangga,20261003,redup,tangga_gedungA,2,tangga dalam GU
tangga_20261003_tangga_gedungA_redup_042.png,tangga,20261003,redup,tangga_gedungA,2,tangga dalam GU
tangga_20261003_tangga_gedungA_redup_043.png,tangga,20261003,redup,tangga_gedungA,2,tangga dalam GU
lantai_datar_20261003_koridor_redup_001.png,lantai_datar,20261003,redup,koridor,2,
lantai_datar_20261003_koridor_redup_002.png,lantai_datar,20261003,redup,koridor,2,
lantai_datar_20261003_koridor_redup_003.png,lantai_datar,20261003,redup,koridor,2,
lantai_datar_20261003_koridor_redup_004.png,lantai_datar,20261003,redup,koridor,2,
lantai_datar_20261003_koridor_redup_005.png,lantai_datar,20261003,redup,koridor,2,
lantai_datar_20261003_koridor_redup_006.png,lantai_datar,20261003,redup,koridor,2,
lantai_datar_20261003_koridor_redup_007.png,lantai_datar,20261003,redup,koridor,2,
lantai_datar_20261003_koridor_redup_008.png,lantai_datar,20261003,redup,koridor,2,
lantai_datar_20261003_koridor_redup_009.png,lantai_datar,20261003,redup,koridor,2,
lantai_datar_20261003_koridor_redup_010.png,lantai_datar,20261003,redup,koridor,2,
lantai_datar_20261003_koridor_redup_011.png,lantai_datar,20261003,redup,koridor,2,
lantai_datar_20261003_koridor_redup_012.png,lantai_datar,20261003,redup,koridor,2,
lantai_datar_20261003_koridor_redup_013.png,lantai_datar,20261003,redup,koridor,2,
lantai_datar_20261003_koridor_redup_014.png,lantai_datar,20261003,redup,koridor,2,
lantai_datar_20261003_koridor_redup_015.png,lantai_datar,20261003,redup,koridor,2,
lantai_datar_20261003_koridor_redup_016.png,lantai_datar,20261003,redup,koridor,2,
lantai_datar_20261003_koridor_redup_017.png,lantai_datar,20261003,redup,koridor,2,
lantai_datar_20261003_koridor_redup_018.png,lantai_datar,20261003,redup,koridor,2,
lantai_datar_20261003_koridor_redup_019.png,lantai_datar,20261003,redup,koridor,2,
lantai_datar_20261003_koridor_redup_020.png,lantai_datar,20261003,redup,koridor,2,
lantai_datar_20261003_koridor_redup_021.png,lantai_datar,20261003,redup,koridor,2,
lantai_datar_20261003_koridor_redup_022.png,lantai_datar,20261003,redup,koridor,2,
lantai_datar_20261003_koridor_redup_023.png,lantai_datar,20261003,redup,koridor,2,
lantai_datar_20261003_koridor_redup_024.png,lantai_datar,20261003,redup,koridor,2,
lantai_datar_20261003_koridor_redup_025.png,lantai_datar,20261003,redup,koridor,2,
lantai_datar_20261003_koridor_redup_026.png,lantai_datar,20261003,redup,koridor,2,
lantai_datar_20261003_koridor_redup_027.png,lantai_datar,20261003,redup,koridor,2,
lantai_datar_20261003_koridor_redup_028.png,lantai_datar,20261003,redup,koridor,2,
lantai_datar_20261003_koridor_redup_029.png,lantai_datar,20261003,redup,koridor,2,
lantai_datar_20261003_koridor_redup_030.png,lantai_datar,20261003,redup,koridor,2,
lantai_datar_20261003_koridor_redup_031.png,lantai_datar,20261003,redup,koridor,2,
lantai_datar_20261003_koridor_redup_032.png,lantai_datar,20261003,redup,koridor,2,
manusia_20261003_koridor_redup_001.png,manusia,20261003,redup,koridor,2,
manusia_20261003_koridor_redup_002.png,manusia,20261003,redup,koridor,2,
manusia_20261003_koridor_redup_003.png,manusia,20261003,redup,koridor,2,
manusia_20261003_koridor_redup_004.png,manusia,20261003,redup,koridor,2,
manusia_20261003_koridor_redup_005.png,manusia,20261003,redup,koridor,2,
manusia_20261003_koridor_redup_006.png,manusia,20261003,redup,koridor,2,
manusia_20261003_koridor_redup_007.png,manusia,20261003,redup,koridor,2,
manusia_20261003_koridor_redup_008.png,manusia,20261003,redup,koridor,2,
manusia_20261003_koridor_redup_009.png,manusia,20261003,redup,koridor,2,
manusia_20261003_koridor_redup_010.png,manusia,20261003,redup,koridor,2,
manusia_20261003_koridor_redup_011.png,manusia,20261003,redup,koridor,2,
manusia_20261003_koridor_redup_012.png,manusia,20261003,redup,koridor,2,
manusia_20261003_koridor_redup_013.png,manusia,20261003,redup,koridor,2,
manusia_20261003_koridor_redup_014.png,manusia,20261003,redup,koridor,2,
manusia_20261003_koridor_redup_015.png,manusia,20261003,redup,koridor,2,
manusia_20261003_koridor_redup_016.png,manusia,20261003,redup,koridor,2,
manusia_20261003_koridor_redup_017.png,manusia,20261003,redup,koridor,2,
manusia_20261003_koridor_redup_018.png,manusia,20261003,redup,koridor,2,
manusia_20261003_koridor_redup_019.png,manusia,20261003,redup,koridor,2,
manusia_20261003_koridor_redup_020.png,manusia,20261003,redup,koridor,2,
manusia_20261003_koridor_redup_021.png,manusia,20261003,redup,koridor,2,
manusia_20261003_koridor_redup_022.png,manusia,20261003,redup,koridor,2,
manusia_20261003_koridor_redup_023.png,manusia,20261003,redup,koridor,2,
manusia_20261003_koridor_redup_024.png,manusia,20261003,redup,koridor,2,
manusia_20261003_koridor_redup_025.png,manusia,20261003,redup,koridor,2,
manusia_20261003_koridor_redup_026.png,manusia,20261003,redup,koridor,2,
manusia_20261003_koridor_redup_027.png,manusia,20261003,redup,koridor,2,
manusia_20261003_koridor_redup_028.png,manusia,20261003,redup,koridor,2,
manusia_20261003_koridor_redup_029.png,manusia,20261003,redup,koridor,2,
manusia_20261003_koridor_redup_030.png,manusia,20261003,redup,koridor,2,
manusia_20261003_koridor_redup_031.png,manusia,20261003,redup,koridor,2,
manusia_20261003_koridor_redup_032.png,manusia,20261003,redup,koridor,2,
manusia_20261003_koridor_redup_033.png,manusia,20261003,redup,koridor,2,
manusia_20261003_koridor_redup_034.png,manusia,20261003,redup,koridor,2,
manusia_20261003_koridor_redup_035.png,manusia,20261003,redup,koridor,2,
manusia_20261003_koridor_redup_036.png,manusia,20261003,redup,koridor,2,
manusia_20261003_koridor_redup_037.png,manusia,20261003,redup,koridor,2,
manusia_20261003_koridor_redup_038.png,manusia,20261003,redup,koridor,2,
manusia_20261003_koridor_redup_039.png,manusia,20261003,redup,koridor,2,
manusia_20261003_koridor_redup_040.png,manusia,20261003,redup,koridor,2,
manusia_20261003_koridor_redup_041.png,manusia,20261003,redup,koridor,2,
manusia_20261003_koridor_redup_042.png,manusia,20261003,redup,koridor,2,
manusia_20261003_koridor_redup_043.png,manusia,20261003,redup,koridor,2,
manusia_20261003_koridor_redup_044.png,manusia,20261003,redup,koridor,2,
manusia_20261003_koridor_redup_045.png,manusia,20261003,redup,koridor,2,
manusia_20261003_koridor_redup_046.png,manusia,20261003,redup,koridor,2,
manusia_20261003_koridor_redup_047.png,manusia,20261003,redup,koridor,2,
manusia_20261003_koridor_redup_048.png,manusia,20261003,redup,koridor,2,
manusia_20261003_koridor_redup_049.png,manusia,20261003,redup,koridor,2,
manusia_20261003_koridor_redup_050.png,manusia,20261003,redup,koridor,2,
manusia_20261003_koridor_redup_051.png,manusia,20261003,redup,koridor,2,
manusia_20261003_koridor_redup_052.png,manusia,20261003,redup,koridor,2,
manusia_20261003_koridor_redup_053.png,manusia,20261003,redup,koridor,2,
manusia_20261003_koridor_redup_054.png,manusia,20261003,redup,koridor,2,
manusia_20261003_koridor_redup_055.png,manusia,20261003,redup,koridor,2,
manusia_20261003_koridor_redup_056.png,manusia,20261003,redup,koridor,2,
manusia_20261003_koridor_redup_057.png,manusia,20261003,redup,koridor,2,
manusia_20261003_koridor_redup_058.png,manusia,20261003,redup,koridor,2,
manusia_20261003_koridor_redup_059.png,manusia,20261003,redup,koridor,2,
manusia_20261003_koridor_redup_060.png,manusia,20261003,redup,koridor,2,
manusia_20261003_koridor_redup_061.png,manusia,20261003,redup,koridor,2,
manusia_20261003_koridor_redup_062.png,manusia,20261003,redup,koridor,2,
manusia_20261003_koridor_redup_063.png,manusia,20261003,redup,koridor,2,
manusia_20261003_koridor_redup_064.png,manusia,20261003,redup,koridor,2,
manusia_20261003_koridor_redup_065.png,manusia,20261003,redup,koridor,2,
manusia_20261003_koridor_redup_066.png,manusia,20261003,redup,koridor,2,
manusia_20261003_koridor_redup_067.png,manusia,20261003,redup,koridor,2,
manusia_20261003_koridor_redup_068.png,manusia,20261003,redup,koridor,2,
manusia_20261003_koridor_redup_069.png,manusia,20261003,redup,koridor,2,
manusia_20261003_koridor_redup_070.png,manusia,20261003,redup,koridor,2,
manusia_20261003_koridor_redup_071.png,manusia,20261003,redup,koridor,2,
manusia_20261003_koridor_redup_072.png,manusia,20261003,redup,koridor,2,
manusia_20261003_koridor_redup_073.png,manusia,20261003,redup,koridor,2,
manusia_20261003_koridor_redup_074.png,manusia,20261003,redup,koridor,2,
manusia_20261003_koridor_redup_075.png,manusia,20261003,redup,koridor,2,
tangga_20261003_tangga_gedungA_terang_001.png,tangga,20261003,terang,tangga_gedungA,1,tangga dalam GU
tangga_20261003_tangga_gedungA_terang_002.png,tangga,20261003,terang,tangga_gedungA,1,tangga dalam GU
manusia_20261003_koridor_terang_001.png,manusia,20261003,terang,koridor,1,
manusia_20261003_koridor_terang_002.png,manusia,20261003,terang,koridor,1,
manusia_20261003_koridor_terang_003.png,manusia,20261003,terang,koridor,1,
manusia_20261003_koridor_terang_004.png,manusia,20261003,terang,koridor,1,
manusia_20261003_koridor_terang_005.png,manusia,20261003,terang,koridor,1,
manusia_20261003_koridor_terang_006.png,manusia,20261003,terang,koridor,1,
manusia_20261003_koridor_terang_007.png,manusia,20261003,terang,koridor,1,
manusia_20261003_koridor_terang_008.png,manusia,20261003,terang,koridor,1,
manusia_20261003_koridor_terang_009.png,manusia,20261003,terang,koridor,1,
manusia_20261003_koridor_terang_010.png,manusia,20261003,terang,koridor,1,
manusia_20261003_koridor_terang_011.png,manusia,20261003,terang,koridor,1,
manusia_20261003_koridor_terang_012.png,manusia,20261003,terang,koridor,1,
manusia_20261003_koridor_terang_013.png,manusia,20261003,terang,koridor,1,
manusia_20261003_koridor_terang_014.png,manusia,20261003,terang,koridor,1,
manusia_20261003_koridor_terang_015.png,manusia,20261003,terang,koridor,1,
manusia_20261003_koridor_terang_016.png,manusia,20261003,terang,koridor,1,
manusia_20261003_koridor_terang_017.png,manusia,20261003,terang,koridor,1,
manusia_20261003_koridor_terang_018.png,manusia,20261003,terang,koridor,1,
manusia_20261003_koridor_terang_019.png,manusia,20261003,terang,koridor,1,
manusia_20261003_koridor_terang_020.png,manusia,20261003,terang,koridor,1,
manusia_20261003_koridor_terang_021.png,manusia,20261003,terang,koridor,1,
manusia_20261003_koridor_terang_022.png,manusia,20261003,terang,koridor,1,
manusia_20261003_koridor_terang_023.png,manusia,20261003,terang,koridor,1,
manusia_20261003_koridor_terang_024.png,manusia,20261003,terang,koridor,1,
manusia_20261003_koridor_terang_025.png,manusia,20261003,terang,koridor,1,
manusia_20261003_koridor_terang_026.png,manusia,20261003,terang,koridor,1,
manusia_20261003_koridor_terang_027.png,manusia,20261003,terang,koridor,1,
manusia_20261003_koridor_terang_028.png,manusia,20261003,terang,koridor,1,
manusia_20261003_koridor_terang_029.png,manusia,20261003,terang,koridor,1,
manusia_20261003_koridor_terang_030.png,manusia,20261003,terang,koridor,1,
manusia_20261003_koridor_terang_031.png,manusia,20261003,terang,koridor,1,
manusia_20261003_koridor_terang_032.png,manusia,20261003,terang,koridor,1,
manusia_20261003_koridor_terang_033.png,manusia,20261003,terang,koridor,1,
manusia_20261003_koridor_terang_034.png,manusia,20261003,terang,koridor,1,
manusia_20261003_koridor_terang_035.png,manusia,20261003,terang,koridor,1,
manusia_20261003_koridor_terang_036.png,manusia,20261003,terang,koridor,1,
manusia_20261003_koridor_terang_037.png,manusia,20261003,terang,koridor,1,
manusia_20261003_koridor_terang_038.png,manusia,20261003,terang,koridor,1,
manusia_20261003_koridor_terang_039.png,manusia,20261003,terang,koridor,1,
manusia_20261003_koridor_terang_040.png,manusia,20261003,terang,koridor,1,
manusia_20261003_koridor_terang_041.png,manusia,20261003,terang,koridor,1,
manusia_20261003_koridor_terang_042.png,manusia,20261003,terang,koridor,1,
manusia_20261003_koridor_terang_043.png,manusia,20261003,terang,koridor,1,
manusia_20261003_koridor_terang_044.png,manusia,20261003,terang,koridor,1,
manusia_20261003_koridor_terang_045.png,manusia,20261003,terang,koridor,1,
manusia_20261003_koridor_terang_046.png,manusia,20261003,terang,koridor,1,
manusia_20261003_koridor_terang_047.png,manusia,20261003,terang,koridor,1,
manusia_20261003_koridor_terang_048.png,manusia,20261003,terang,koridor,1,
tangga_20261003_tangga_gedungA_terang_003.png,tangga,20261003,terang,tangga_gedungA,1,tangga dalam GU
tangga_20261003_tangga_gedungA_terang_004.png,tangga,20261003,terang,tangga_gedungA,1,tangga dalam GU
tangga_20261003_tangga_gedungA_terang_005.png,tangga,20261003,terang,tangga_gedungA,1,tangga dalam GU
tangga_20261003_tangga_gedungA_terang_006.png,tangga,20261003,terang,tangga_gedungA,1,tangga dalam GU
tangga_20261003_tangga_gedungA_terang_007.png,tangga,20261003,terang,tangga_gedungA,1,tangga dalam GU
tangga_20261003_tangga_gedungA_terang_008.png,tangga,20261003,terang,tangga_gedungA,1,tangga dalam GU
tangga_20261003_tangga_gedungA_terang_009.png,tangga,20261003,terang,tangga_gedungA,1,tangga dalam GU
tangga_20261003_tangga_gedungA_terang_010.png,tangga,20261003,terang,tangga_gedungA,1,tangga dalam GU
tangga_20261003_tangga_gedungA_terang_011.png,tangga,20261003,terang,tangga_gedungA,1,tangga dalam GU
tangga_20261003_tangga_gedungA_terang_012.png,tangga,20261003,terang,tangga_gedungA,1,tangga dalam GU
tangga_20261003_tangga_gedungA_terang_013.png,tangga,20261003,terang,tangga_gedungA,1,tangga dalam GU
tangga_20261003_tangga_gedungA_terang_014.png,tangga,20261003,terang,tangga_gedungA,1,tangga dalam GU
tangga_20261003_tangga_gedungA_terang_015.png,tangga,20261003,terang,tangga_gedungA,1,tangga dalam GU
tangga_20261003_tangga_gedungA_terang_016.png,tangga,20261003,terang,tangga_gedungA,1,tangga dalam GU
tangga_20261003_tangga_gedungA_terang_017.png,tangga,20261003,terang,tangga_gedungA,1,tangga dalam GU
tangga_20261003_tangga_gedungA_terang_018.png,tangga,20261003,terang,tangga_gedungA,1,tangga dalam GU
tangga_20261003_tangga_gedungA_terang_019.png,tangga,20261003,terang,tangga_gedungA,1,tangga dalam GU
tangga_20261003_tangga_gedungA_terang_020.png,tangga,20261003,terang,tangga_gedungA,1,tangga dalam GU
tangga_20261003_tangga_gedungA_terang_021.png,tangga,20261003,terang,tangga_gedungA,1,tangga dalam GU
tangga_20261003_tangga_gedungA_terang_022.png,tangga,20261003,terang,tangga_gedungA,1,tangga dalam GU
tangga_20261003_tangga_gedungA_terang_023.png,tangga,20261003,terang,tangga_gedungA,1,tangga dalam GU
tangga_20261003_tangga_gedungA_terang_024.png,tangga,20261003,terang,tangga_gedungA,1,tangga dalam GU
tangga_20261003_tangga_gedungA_terang_025.png,tangga,20261003,terang,tangga_gedungA,1,tangga dalam GU
tangga_20261003_tangga_gedungA_terang_026.png,tangga,20261003,terang,tangga_gedungA,1,tangga dalam GU
tangga_20261003_tangga_gedungA_terang_027.png,tangga,20261003,terang,tangga_gedungA,1,tangga dalam GU
tangga_20261003_tangga_gedungA_terang_028.png,tangga,20261003,terang,tangga_gedungA,1,tangga dalam GU
tangga_20261003_tangga_gedungA_terang_029.png,tangga,20261003,terang,tangga_gedungA,1,tangga dalam GU
tangga_20261003_tangga_gedungA_terang_030.png,tangga,20261003,terang,tangga_gedungA,1,tangga dalam GU
tangga_20261003_tangga_gedungA_terang_031.png,tangga,20261003,terang,tangga_gedungA,1,tangga dalam GU
tangga_20261003_tangga_gedungA_terang_032.png,tangga,20261003,terang,tangga_gedungA,1,tangga dalam GU
tangga_20261003_tangga_gedungA_terang_033.png,tangga,20261003,terang,tangga_gedungA,1,tangga dalam GU
tangga_20261003_tangga_gedungA_terang_034.png,tangga,20261003,terang,tangga_gedungA,1,tangga dalam GU
tangga_20261003_tangga_gedungA_terang_035.png,tangga,20261003,terang,tangga_gedungA,1,tangga dalam GU
tangga_20261003_tangga_gedungA_terang_036.png,tangga,20261003,terang,tangga_gedungA,1,tangga dalam GU
tangga_20261003_tangga_gedungA_terang_037.png,tangga,20261003,terang,tangga_gedungA,1,tangga dalam GU
tangga_20261003_tangga_gedungA_terang_038.png,tangga,20261003,terang,tangga_gedungA,1,tangga dalam GU
tangga_20261003_tangga_gedungA_terang_039.png,tangga,20261003,terang,tangga_gedungA,1,tangga dalam GU
tangga_20261003_tangga_gedungA_terang_040.png,tangga,20261003,terang,tangga_gedungA,1,tangga dalam GU
tangga_20261003_tangga_gedungA_terang_041.png,tangga,20261003,terang,tangga_gedungA,1,tangga dalam GU
tangga_20261003_tangga_gedungA_terang_042.png,tangga,20261003,terang,tangga_gedungA,1,tangga dalam GU
tangga_20261003_tangga_gedungA_terang_043.png,tangga,20261003,terang,tangga_gedungA,1,tangga dalam GU
tangga_20261003_tangga_gedungA_terang_044.png,tangga,20261003,terang,tangga_gedungA,1,tangga dalam GU
tangga_20261003_tangga_gedungA_terang_045.png,tangga,20261003,terang,tangga_gedungA,1,tangga dalam GU
tangga_20261003_tangga_gedungA_terang_046.png,tangga,20261003,terang,tangga_gedungA,1,tangga dalam GU
tangga_20261003_tangga_gedungA_terang_047.png,tangga,20261003,terang,tangga_gedungA,1,tangga dalam GU
lantai_datar_20261003_koridor_terang_001.png,lantai_datar,20261003,terang,koridor,1,
lantai_datar_20261003_koridor_terang_002.png,lantai_datar,20261003,terang,koridor,1,
lantai_datar_20261003_koridor_terang_003.png,lantai_datar,20261003,terang,koridor,1,
lantai_datar_20261003_koridor_terang_004.png,lantai_datar,20261003,terang,koridor,1,
lantai_datar_20261003_koridor_terang_005.png,lantai_datar,20261003,terang,koridor,1,
lantai_datar_20261003_koridor_terang_006.png,lantai_datar,20261003,terang,koridor,1,
lantai_datar_20261003_koridor_terang_007.png,lantai_datar,20261003,terang,koridor,1,
lantai_datar_20261003_koridor_terang_008.png,lantai_datar,20261003,terang,koridor,1,
lantai_datar_20261003_koridor_terang_009.png,lantai_datar,20261003,terang,koridor,1,
lantai_datar_20261003_koridor_terang_010.png,lantai_datar,20261003,terang,koridor,1,
lantai_datar_20261003_koridor_terang_011.png,lantai_datar,20261003,terang,koridor,1,
lantai_datar_20261003_koridor_terang_012.png,lantai_datar,20261003,terang,koridor,1,
lantai_datar_20261003_koridor_terang_013.png,lantai_datar,20261003,terang,koridor,1,
lantai_datar_20261003_koridor_terang_014.png,lantai_datar,20261003,terang,koridor,1,
lantai_datar_20261003_koridor_terang_015.png,lantai_datar,20261003,terang,koridor,1,
lantai_datar_20261003_koridor_terang_016.png,lantai_datar,20261003,terang,koridor,1,
lantai_datar_20261003_koridor_terang_017.png,lantai_datar,20261003,terang,koridor,1,
lantai_datar_20261003_koridor_terang_018.png,lantai_datar,20261003,terang,koridor,1,
lantai_datar_20261003_koridor_terang_019.png,lantai_datar,20261003,terang,koridor,1,
lantai_datar_20261003_koridor_terang_020.png,lantai_datar,20261003,terang,koridor,1,
lantai_datar_20261003_koridor_terang_021.png,lantai_datar,20261003,terang,koridor,1,
lantai_datar_20261003_koridor_terang_022.png,lantai_datar,20261003,terang,koridor,1,
lantai_datar_20261003_koridor_terang_023.png,lantai_datar,20261003,terang,koridor,1,
lantai_datar_20261003_koridor_terang_024.png,lantai_datar,20261003,terang,koridor,1,
lantai_datar_20261003_koridor_terang_025.png,lantai_datar,20261003,terang,koridor,1,
lantai_datar_20261003_koridor_terang_026.png,lantai_datar,20261003,terang,koridor,1,
lantai_datar_20261003_koridor_terang_027.png,lantai_datar,20261003,terang,koridor,1,
lantai_datar_20261003_koridor_terang_028.png,lantai_datar,20261003,terang,koridor,1,
lantai_datar_20261003_koridor_terang_029.png,lantai_datar,20261003,terang,koridor,1,
lantai_datar_20261003_koridor_terang_030.png,lantai_datar,20261003,terang,koridor,1,
lantai_datar_20261003_koridor_terang_031.png,lantai_datar,20261003,terang,koridor,1,
lantai_datar_20261003_koridor_terang_032.png,lantai_datar,20261003,terang,koridor,1,
lantai_datar_20261003_koridor_terang_033.png,lantai_datar,20261003,terang,koridor,1,
lantai_datar_20261003_koridor_terang_034.png,lantai_datar,20261003,terang,koridor,1,
lantai_datar_20261003_koridor_terang_035.png,lantai_datar,20261003,terang,koridor,1,
lantai_datar_20261003_koridor_terang_036.png,lantai_datar,20261003,terang,koridor,1,
