epoch,train_loss,train_acc,val_loss,val_acc,detik
1,0.47786425463124815,0.7892156862745098,0.19243959182655657,0.974025974025974,6.109826699990663
2,0.15894613049778283,0.9362745098039216,0.08183463488693361,0.974025974025974,6.047082199991564
3,0.09565189173992943,0.9656862745098039,0.06644335485898055,0.974025974025974,6.408458900012192
4,0.06515651915733721,0.9754901960784313,0.056059423205140346,0.987012987012987,6.710628000000725
5,0.06510052957809438,0.9705882352941176,0.051666818414028585,0.987012987012987,6.832324300004984
6,0.03330110471841751,0.9852941176470589,0.05038539569389511,0.987012987012987,6.675173700001324
7,0.04694680199392286,0.9852941176470589,0.05345883234948307,0.987012987012987,6.945764299991424
8,0.07242625108098283,0.9656862745098039,0.04693724369847929,0.987012987012987,6.852241700005834
9,0.03520293250753015,0.9852941176470589,0.051226589707778644,0.987012987012987,6.8803249999909895
10,0.04759642633600343,0.9803921568627451,0.04973172698798892,0.987012987012987,6.898237299988978
